Names,links,Image,Description
US,https://timesofindia.indiatimes.com/us,,"Chhaava’s excellence lies in its terrific climax. You just wish the film relied and trusted its solid story more than Rahman's music, which largely feels out of place."
IN,https://timesofindia.indiatimes.com/?loc=in,,"Dhoom Dhaam is a fast-paced rollercoaster of action, comedy, and mystery, powered by Yami Gautam Dhar and Pratik Gandhi’s electric chemistry."
,https://timesofindia.indiatimes.com,https://static.toiimg.com/photo/79638690.cms,"Despite its convoluted plot and occasional pacing issues, Brave New World delivers thrilling aerial battles and hand-to-hand combats, strong performances, and enough spectacle to entertain superhero"
City,https://timesofindia.indiatimes.com/city,,How to make South Indian Paneer Butter Masala Dosa for breakfast
mumbai,https://timesofindia.indiatimes.com/city/mumbai,,​10 ancient animals that still exist
delhi,https://timesofindia.indiatimes.com/city/delhi,,10 exotic animals to spot inside Kashmir's Dachigam National Park
bengaluru,https://timesofindia.indiatimes.com/city/bangalore,,10 powerful ways to detox and reset your mind
Hyderabad,https://timesofindia.indiatimes.com/city/hyderabad,,10 things parents should never do in the morning before sending kids to school
kolkata,https://timesofindia.indiatimes.com/city/kolkata,,10 health benefits of chewing cloves daily
chennai,https://timesofindia.indiatimes.com/city/chennai,,8 animal species that are found only in India
City,https://timesofindia.indiatimes.com/city,,10 birds that eat meat and other animals
agra,https://timesofindia.indiatimes.com/city/agra,,Rekha Gupta to be Delhi CM: Frontrunners lose race again as BJP picks first-time MLA
agartala,https://timesofindia.indiatimes.com/city/agartala,,"Rekha Gupta meets LG, stakes claim to form govt in Delhi"
ahmedabad,https://timesofindia.indiatimes.com/city/ahmedabad,,"She was young, healthy, and full of life — so why did her heart stop?"
ajmer,https://timesofindia.indiatimes.com/city/ajmer,,Who is Rekha Gupta? Delhi's next chief minister
amaravati,https://timesofindia.indiatimes.com/city/amaravati,,"Why Axar, Jadeja are irreplaceable in India's CT plans"
amritsar,https://timesofindia.indiatimes.com/city/amritsar,,Dominant NZ crush Pakistan in Champions Trophy opener
bareilly,https://timesofindia.indiatimes.com/city/bareilly,,15 growth stocks that gave spectacular returns when Nifty 50 did not
bhubaneswar,https://timesofindia.indiatimes.com/city/bhubaneswar,,Trump asks $21m question on top of familiar tantrum on India's tariff
bhopal,https://timesofindia.indiatimes.com/city/bhopal,,George Clooney's surprising message for Donald Trump: '...because our country needs it'
chandigarh,https://timesofindia.indiatimes.com/city/chandigarh,,'Dictator without elections': Donald Trump ups attack on Ukraine's Zelenskyy
chhatrapati sambhajinagar,https://timesofindia.indiatimes.com/city/aurangabad,,Johnny Depp set to return as Jack Sparrow in next 'Pirates of the Caribbean' film?
coimbatore,https://timesofindia.indiatimes.com/city/coimbatore,,Why Atishi said Rekha Gupta's appointment as Delhi CM a matter of pride
cuttack,https://timesofindia.indiatimes.com/city/cuttack,,"2-time NHL MVP Bobby Hull had Stage 2 CTE when he died in 2023, researchers confirmed"
dehradun,https://timesofindia.indiatimes.com/city/dehradun,,Dubai pitch curator shares what India can expect in Champions Trophy
erode,https://timesofindia.indiatimes.com/city/erode,,Kejriwal's message for Rekha Gupta: 'Hope she will fulfill all promises'
faridabad,https://timesofindia.indiatimes.com/city/faridabad,,Shopping: Discounts Up to 60% Off on Gadgets & Electronics
ghaziabad,https://timesofindia.indiatimes.com/city/ghaziabad,,"Trump purge: Thousands of federal workers fired, programs frozen, and grants halted"
goa,https://timesofindia.indiatimes.com/city/goa,,16 women accuse Justin Tucker of inappropriate sexual behavior; know all about the wife and son of the Baltimore Ravens kicker
gurgaon,https://timesofindia.indiatimes.com/city/gurgaon,,iPhone 16e vs iPhone 16: How the two iPhone 16 models compare — which one to buy and why
guwahati,https://timesofindia.indiatimes.com/city/guwahati,,"Meet the company building content management system for top brands such as Lego, Burberry, Walmart, Alaska Airlines, and ASICS"
hubballi,https://timesofindia.indiatimes.com/city/hubli,,"Blood moon 2025: When, where, and how to watch the moon turning red during March's total lunar eclipse"
imphal,https://timesofindia.indiatimes.com/city/imphal,,The educational journey of Delhi's new CM Rekha Gupta and her lesser-known details
indore,https://timesofindia.indiatimes.com/city/indore,,"What is double pneumonia, the condition Pope Francis is suffering from?"
itanagar,https://timesofindia.indiatimes.com/city/itanagar,,France Questions Trump's Logic As He Blames Zelensky For Starting War | 'Putin Love' Rattles NATO
jaipur,https://timesofindia.indiatimes.com/city/jaipur,,"Blake Lively Gets Major Support, Two Actresses Ready to Testify Against Justin Baldoni | WATCH"
jammu,https://timesofindia.indiatimes.com/city/jammu,,"Rihanna Shuts Down Woman Outside Courthouse, Reacts To A$AP Rocky's 'Not Guilty' Verdict"
jamshedpur,https://timesofindia.indiatimes.com/city/jamshedpur,,'Typhoons To Storm Ukraine Skies': Britain To Replace Troops With Jets As Russia Threatens NATO
jodhpur,https://timesofindia.indiatimes.com/city/jodhpur,,"'You Have Succumbed To Putin...': Trump's Words Sting Zelensky, Angry Ukraine Leader Hits Back"
kanpur,https://timesofindia.indiatimes.com/city/kanpur,,Carnivore diet: Actually beneficial or just another social media obsession?
kochi,https://timesofindia.indiatimes.com/city/kochi,,"Tesla’s entry into India: Car prices, showroom locations, and key insights into Elon Musk’s EV revolution"
kohima,https://timesofindia.indiatimes.com/city/kohima,,Why India doesn't need ultra-pricey F-35s & what it should get instead
kolhapur,https://timesofindia.indiatimes.com/city/kolhapur,,"Champions Trophy: 50-over cricket’s midlife crisis, with India twist"
kozhikode,https://timesofindia.indiatimes.com/city/kozhikode,,"If 300-ft asteroid hits earth in 2032, Mumbai and Kolkata at high risk"
ludhiana,https://timesofindia.indiatimes.com/city/ludhiana,,Soha reveals Sharmila was against her marrying an actor
lucknow,https://timesofindia.indiatimes.com/city/lucknow,,When Big B refused to step out of his van during Ek Ajnabee
madurai,https://timesofindia.indiatimes.com/city/madurai,,Apoorva recalls getting angry with Abhishek at his house 
mangaluru,https://timesofindia.indiatimes.com/city/mangalore,,"Swara-Chhaava, SSR-Suicide, Zahan-SRK: Top 5 news"
meerut,https://timesofindia.indiatimes.com/city/meerut,,Celebrity Masterchef: Dipika Kakar quits the cooking show?
mumbai region,https://timesofindia.indiatimes.com/city/mumbai,,Dia Mirza's ethnic wear
mysuru,https://timesofindia.indiatimes.com/city/mysore,,Sonakshi-Zaheer's adorable pics
nagpur,https://timesofindia.indiatimes.com/city/nagpur,,Amyra Dastur's golden glamour
nashik,https://timesofindia.indiatimes.com/city/nashik,,Tamannaah's animal print outfit
navi mumbai,https://timesofindia.indiatimes.com/city/navi-mumbai,,Madhuri's white Patola saree
noida,https://timesofindia.indiatimes.com/city/noida,,Sanya redefines power dressing
patna,https://timesofindia.indiatimes.com/city/patna,,B-Town divas welcome Bappa in style
prayagraj,https://timesofindia.indiatimes.com/city/allahabad,,Urmila Matondkar the timeless beauty
puducherry,https://timesofindia.indiatimes.com/city/puducherry,,Ananya Panday's style file
pune,https://timesofindia.indiatimes.com/city/pune,,"Supreme Court Hits Ranveer For ‘Perverted’ Remarks; Passport Seized, Travel Blocked - Calls Out His ‘Dirty Mind’"
raipur,https://timesofindia.indiatimes.com/city/raipur,,"Supreme Court Hits Ranveer For ‘Perverted’ Remarks; Passport Seized, Travel Blocked - Calls Out His ‘Dirty Mind’"
rajkot,https://timesofindia.indiatimes.com/city/rajkot,,Heartbreaking Goodbye: Kim Sae-Ron’s Emotional Funeral Leaves K-Stars in Tears
ranchi,https://timesofindia.indiatimes.com/city/ranchi,,Legendary Drummer Rick Buckler of 'The Jam' Passes Away; Bandmates and Fans Pay Heartfelt Tribute
thane,https://timesofindia.indiatimes.com/city/thane,,"Ranveer Allahbadia Mysteriously Disappears Amid ‘IGL’ Controversy – Phone Dead, Police Investigation Stalled"
salem,https://timesofindia.indiatimes.com/city/salem,,"Rihanna Breaks Down In Tears, Embraces A$AP Rocky After Emotional Courtroom Victory"
shillong,https://timesofindia.indiatimes.com/city/shillong,,‘Is That PM Modi?’ Fans Go Wild Over ‘Captain America: Brave New World’; Director Responds | Watch
shimla,https://timesofindia.indiatimes.com/city/shimla,,India’s Gen Z weighs in on the Beaches vs Mountains debate — and it’s still close!
srinagar,https://timesofindia.indiatimes.com/city/srinagar,,Celebrations erupt outside Rekha Gupta’s residence as BJP names her Delhi CM
surat,https://timesofindia.indiatimes.com/city/surat,,"With Rekha Gupta, Delhi gets its fourth woman chief minister"
trichy,https://timesofindia.indiatimes.com/city/trichy,,Who is Rekha Gupta? Delhi's next chief minister
thiruvananthapuram,https://timesofindia.indiatimes.com/city/thiruvananthapuram,,"BJP names Rekha Gupta Delhi chief minister, oath ceremony set for Thursday at Ramlila Maidan"
udaipur,https://timesofindia.indiatimes.com/city/udaipur,,'Typhoons To Storm Ukraine Skies': Britain To Replace Troops With Jets As Russia Threatens NATO
vadodara,https://timesofindia.indiatimes.com/city/vadodara,,'Typhoons To Storm Ukraine Skies': Britain To Replace Troops With Jets As Russia Threatens NATO
varanasi,https://timesofindia.indiatimes.com/city/varanasi,,"'You Have Succumbed To Putin...': Trump's Words Sting Zelensky, Angry Ukraine Leader Hits Back"
vijayawada,https://timesofindia.indiatimes.com/city/vijayawada,,Erdogan’s Big Move To Make Turkey Terror Free; '282 Arrested From 51 Provinces' | Details
visakhapatnam,https://timesofindia.indiatimes.com/city/visakhapatnam,,Pro-Palestine Group 'Exposes' Israeli Soldiers in Europe; IDF Issues Advisory | Netanyahu Embarrassed
photos,https://timesofindia.indiatimes.com/city/photos,,Drake’s Sydney Penthouse Invaded By Spy Drone; Rapper’s Fiery Reaction With Yeezy Slides
Web Stories,https://timesofindia.indiatimes.com/city/web-stories,,‘Why Are We Paying?’: Trump Defends DOGE’s Scrapping Of India Voter Turnout 'Fraud' Fund
Briefs,https://timesofindia.indiatimes.com/briefs,,British tourist dies while trekking near Dharamshala
India,https://timesofindia.indiatimes.com/india,,Dominant NZ crush Pakistan in Champions Trophy opener
World,https://timesofindia.indiatimes.com/world,,"Mohammad Amir Exclusive: Champions Trophy hopes, India's absence & retirement talk"
Business,https://timesofindia.indiatimes.com/business,,Behind the scenes of ISPL 2025 final as Majhi Mumbai crowned champion!
Sports,https://timesofindia.indiatimes.com/sports,,"India's spin puzzle: Why Axar, Jadeja are irreplaceable in Champions Trophy plans"
Cricket,https://timesofindia.indiatimes.com/sports/cricket,,Dubai pitch curator shares what India can expect in Champions Trophy
Entertainment,https://timesofindia.indiatimes.com/etimes,,Gill dethrones Babar to claim No. 1 spot in ICC ODI rankings
Auto,https://timesofindia.indiatimes.com/auto,,'India ko sabak sikhana chahiye': Says ex-Pak spinner Saqlain
Tech,https://gadgetsnow.indiatimes.com?utm_source=toiweb&utm_medium=referral&utm_campaign=toiweb_hptopnav,,"Bangladesh can beat anyone at Champions Trophy, says Shanto"
Life & Style,https://timesofindia.indiatimes.com/life-style,,"Champions Trophy looks to enthral fans, add more relevance to ODIs"
Photos,https://photogallery.indiatimes.com,,Australia's CT quest: Can they overcome key absences?
Blogs,https://timesofindia.indiatimes.com/blogs,,Champions Trophy: Take a look at jerseys of 8 teams
Abound,https://timesclub.app.link/abound,,"Blood moon 2025: When, where, and how to watch the moon turning red during March's total lunar eclipse"
ePaper,"https://epaper.indiatimes.com/timesepaper/publication-the-times-of-india,city-delhi.cms?utm_source=TOI&utm_medium=L1&utm_campaign=TOIePaper_Promotions",,Man poisons his girlfriends' dog by mistake; know all about the shocking mix up
TOI+,https://timesofindia.indiatimes.com/toi-plus,,The educational journey of Delhi's new CM Rekha Gupta and her lesser-known details
Sahi hai,https://timesofindia.indiatimes.com/moneymatters,,Do fish have fashion sense? Wild fish can identify humans by outfit colours
Delhi CM,https://timesofindia.indiatimes.com/india/https/timesofindia-indiatimes-com/india/delhi-cm-candidate-announcement-bjp-2025-live-updates-parvesh-verma-pm-modi-vijender-gupta-kailash-gahlot-jitendra-mahajan-delhi-election/liveblog/118342308-cms/liveblog/118380177.cms,,Venomous snake hiding in box of bananas shocks grocery worker; here's what happened next
IPL Schedule,https://timesofindia.indiatimes.com/sports/cricket/ipl/schedule,,Could asteroid 2024 YR4 hit Indian cities? NASA raises alarm over potential impact zones
Champions Trophy Schedule,https://timesofindia.indiatimes.com/sports/cricket/icc-champions-trophy/schedule-fixtures,,Zodiac Signs Who Are Curious About Gossip
CEC Appointment,https://timesofindia.indiatimes.com/india/chief-election-commissioner-appointment-live-updates-gyanesh-kumar-cec-rahul-gandhi-vivek-joshi/liveblog/118373927.cms,,These Zodiac Signs Can be a Social Media Influencer
TOISA 2024,https://timesofindia.indiatimes.com/toisa2024?utm_source=TOI&utm_medium=L2&utm_campaign=toisa2024,,"Horoscope Today: Astrological Predictions for February 19, 2025"
India Schools Online,https://timesofindia.indiatimes.com/education/india-schools-online,,Spring clean your home the Vastu way: Refresh energy and enhance positivity
Rekha Gupta to be Delhi CM: Frontrunners lose race again as BJP picks first-time MLA,https://timesofindia.indiatimes.com/india/rekha-gupta-is-delhi-cm-bjp-surprises-again-picks-first-time-mla-over-heavyweights/articleshow/118393944.cms,"https://static.toiimg.com/thumb/imgsize-1500002,msid-118393944,width-600,resizemode-4/118393944.jpg","Tarot Card Reading for All Zodiac Signs: Predictions for February 19, 2025"
"Rekha Gupta meets LG, stakes claim to form govt in Delhi",https://timesofindia.indiatimes.com/india/delhi-cm-candidate-announcement-bjp-2025-live-updates-parvesh-verma-pm-modi-vijender-gupta-kailash-gahlot-jitendra-mahajan-delhi-election/liveblog/118380177.cms,https://static.toiimg.com/photo/83033472.cms,George Clooney's surprising message for Donald Trump: '...because our country needs it'
"She was young, healthy, and full of life — so why did her heart stop?",https://timesofindia.indiatimes.com/toi-plus/health/she-was-young-healthy-and-full-of-life-so-why-did-her-heart-stop/articleshow/118351618.cms,https://static.toiimg.com/photo/83033472.cms,"Smallcap stocks mark strong comeback after heavy losses, is it revival or bull trap?"
Who is Rekha Gupta? Delhi's next chief minister,https://timesofindia.indiatimes.com/india/who-is-rekha-gupta-delhis-next-chief-minister/articleshow/118391683.cms,https://static.toiimg.com/photo/83033472.cms,"Top stocks to buy today: Stock recommendations for February 19, 2025"
"Why Axar, Jadeja are irreplaceable in India's CT plans",https://timesofindia.indiatimes.com/sports/cricket/icc-champions-trophy-2025/indias-spin-puzzle-why-axar-jadeja-are-irreplaceable-in-champions-trophy-plans/articleshow/118394436.cms,https://static.toiimg.com/photo/83033472.cms,Tatas to inject Rs 500 crore in Mumbai's Breach Candy hospital to boost infrastructure
Dominant NZ crush Pakistan in Champions Trophy opener,https://timesofindia.indiatimes.com/sports/cricket/icc-champions-trophy-2025/dominant-new-zealand-crush-pakistan-by-60-runs-in-champions-trophy-opener/articleshow/118395263.cms,https://static.toiimg.com/photo/83033472.cms,Vedanta gets creditors' approval for demerger
15 growth stocks that gave spectacular returns when Nifty 50 did not,https://timesofindia.indiatimes.com/toi-plus/business-economy/15-growth-stocks-that-gave-spectacular-returns-when-nifty-50-did-not/articleshow/118348500.cms,https://static.toiimg.com/photo/83033472.cms,Urban joblessness rate steady at 6.4% in Q3: Survey
Trump asks $21m question on top of familiar tantrum on India's tariff,https://timesofindia.indiatimes.com/world/us/trump-asks-21m-question-on-top-of-familiar-tantrum-on-indias-tariff/articleshow/118393970.cms,https://static.toiimg.com/photo/83033472.cms,10 protein-packed comforting dishes made with chickpeas
George Clooney's surprising message for Donald Trump: '...because our country needs it',https://timesofindia.indiatimes.com/world/us/george-clooneys-surprising-message-for-donald-trump-because-our-country-needs-it/articleshow/118394977.cms,https://static.toiimg.com/photo/83033472.cms,​3 effortless ways to set restaurant-style curd​
'Dictator without elections': Donald Trump ups attack on Ukraine's Zelenskyy,https://timesofindia.indiatimes.com/world/us/dictator-without-elections-donald-trump-ups-attack-on-ukraines-zelenskyy/articleshow/118394111.cms,https://static.toiimg.com/photo/83033472.cms,How to make Dhaba-style Champaran Chicken Handi at home
Johnny Depp set to return as Jack Sparrow in next 'Pirates of the Caribbean' film?,https://timesofindia.indiatimes.com/entertainment/english/hollywood/news/johnny-depp-set-to-return-as-jack-sparrow-in-next-pirates-of-the-caribbean-film/articleshow/118343780.cms,https://static.toiimg.com/photo/83033472.cms,11 fiber-rich snacks made with Sweet Potato
Why Atishi said Rekha Gupta's appointment as Delhi CM a matter of pride,https://timesofindia.indiatimes.com/india/why-aaps-atishi-said-rekha-guptas-appointment-as-delhi-cm-a-matter-of-pride/articleshow/118393115.cms,https://static.toiimg.com/photo/83033472.cms,10 brain-healthy foods that should be given to kids daily
"2-time NHL MVP Bobby Hull had Stage 2 CTE when he died in 2023, researchers confirmed",https://timesofindia.indiatimes.com/sports/nhl/news/2-time-nhl-mvp-bobby-hull-had-stage-2-cte-when-he-died-in-2023-researchers-confirmed/articleshow/118394019.cms,https://static.toiimg.com/photo/83033472.cms,How to make South Indian Paneer Butter Masala Dosa for breakfast
Dubai pitch curator shares what India can expect in Champions Trophy,https://timesofindia.indiatimes.com/sports/cricket/icc-champions-trophy-2025/dubai-pitch-curator-shares-what-india-can-expect-in-champions-trophy/articleshow/118393288.cms,https://static.toiimg.com/photo/83033472.cms,Alia Bhatt-Ranbir Kapoor set ethnic style goals
Kejriwal's message for Rekha Gupta: 'Hope she will fulfill all promises',https://timesofindia.indiatimes.com/india/arvind-kejriwals-message-for-delhi-cm-designate-rekha-gupta-hope-she-will-fulfill-all-promises/articleshow/118392852.cms,https://static.toiimg.com/photo/83033472.cms,"Indian-made generic drugs linked to more severe adverse events than US equivalents, study finds"
Shopping: Discounts Up to 60% Off on Gadgets & Electronics,https://timesofindia.indiatimes.com/us/amazon-bestsellers,https://static.toiimg.com/photo/83033472.cms,Prince William and Kate skip BAFTAs for family time
"Trump purge: Thousands of federal workers fired, programs frozen, and grants halted",https://timesofindia.indiatimes.com/world/us/trump-purge-thousands-of-federal-workers-fired-programs-frozen-and-grants-halted/articleshow/118392295.cms,https://static.toiimg.com/photo/83033472.cms,10 protein-packed comforting dishes made with chickpeas
16 women accuse Justin Tucker of inappropriate sexual behavior; know all about the wife and son of the Baltimore Ravens kicker,https://timesofindia.indiatimes.com/life-style/relationships/love-sex/16-women-accuse-justin-tucker-of-inappropriate-sexual-behavior-know-all-about-the-wife-and-son-of-the-baltimore-ravens-kicker/articleshow/118394538.cms,https://static.toiimg.com/photo/83033472.cms,Create the ultimate red lip look of Rasha Thadani in just 5 steps
iPhone 16e vs iPhone 16: How the two iPhone 16 models compare — which one to buy and why,https://timesofindia.indiatimes.com/technology/mobiles-tabs/iphone-16e-vs-iphone-16-how-the-two-iphone-16-models-compare-which-one-to-buy-and-why/articleshow/118395594.cms,https://static.toiimg.com/photo/83033472.cms,Baby names inspired by Shreenathji
"Meet the company building content management system for top brands such as Lego, Burberry, Walmart, Alaska Airlines, and ASICS",https://timesofindia.indiatimes.com/india/meet-the-company-building-content-management-system-for-top-brands-such-as-lego-burberry-walmart-alaska-airlines-and-asics/articleshow/118394484.cms,https://static.toiimg.com/photo/83033472.cms,8 most important lessons to take from the Bhagwad Gita
"Blood moon 2025: When, where, and how to watch the moon turning red during March's total lunar eclipse",https://timesofindia.indiatimes.com/etimes/trending/blood-moon-2025-when-where-and-how-to-watch-the-moon-turning-red-during-marchs-total-lunar-eclipse/articleshow/118395295.cms,https://static.toiimg.com/photo/83033472.cms,5 natural sources of Biotin which encourage hair growth
The educational journey of Delhi's new CM Rekha Gupta and her lesser-known details,https://timesofindia.indiatimes.com/etimes/trending/the-educational-journey-of-delhis-new-cm-rekha-gupta-and-her-lesser-known-details/articleshow/118394269.cms,https://static.toiimg.com/photo/83033472.cms,8 most important lessons to take from the Bhagwad Gita
"What is double pneumonia, the condition Pope Francis is suffering from?",https://timesofindia.indiatimes.com/life-style/health-fitness/health-news/what-is-double-pneumonia-the-condition-pope-francis-is-suffering-from/articleshow/118390895.cms,https://static.toiimg.com/photo/83033472.cms,10 timeless lines from Mirza Ghalib's shayaris
France Questions Trump's Logic As He Blames Zelensky For Starting War | 'Putin Love' Rattles NATO,https://timesofindia.indiatimes.com/videos/international/france-questions-trumps-logic-as-he-blames-zelensky-for-starting-war-putin-love-rattles-nato/videoshow/118394474.cms,https://static.toiimg.com/photo/83033472.cms,7 fruits that help a person lose extra fat near the belly
"Blake Lively Gets Major Support, Two Actresses Ready to Testify Against Justin Baldoni | WATCH",https://timesofindia.indiatimes.com/videos/entertainment/english/blake-lively-gets-major-support-two-actresses-ready-to-testify-against-justin-baldoni-watch/videoshow/118391901.cms,https://static.toiimg.com/photo/83033472.cms,6 benefits of drinking ginger-turmeric tea in the morning
"Rihanna Shuts Down Woman Outside Courthouse, Reacts To A$AP Rocky's 'Not Guilty' Verdict",https://timesofindia.indiatimes.com/videos/entertainment/english/rihanna-shuts-down-woman-outside-courthouse-reacts-to-aap-rockys-not-guilty-verdict/videoshow/118386289.cms,https://static.toiimg.com/photo/83033472.cms,Sanya Malhotra approved trendy blouse designs
'Typhoons To Storm Ukraine Skies': Britain To Replace Troops With Jets As Russia Threatens NATO,https://timesofindia.indiatimes.com/videos/international/typhoons-to-storm-ukraine-skies-britain-to-replace-troops-with-jets-as-russia-threatens-nato/videoshow/118392636.cms,https://static.toiimg.com/photo/83033472.cms,8 books that help magically improve relationships and love issues
"'You Have Succumbed To Putin...': Trump's Words Sting Zelensky, Angry Ukraine Leader Hits Back",https://timesofindia.indiatimes.com/videos/international/you-have-succumbed-to-putin-trumps-words-sting-zelensky-angry-ukraine-leader-hits-back/videoshow/118392412.cms,https://static.toiimg.com/photo/83033472.cms,10 popular fishes of Indian rivers
Carnivore diet: Actually beneficial or just another social media obsession?,https://timesofindia.indiatimes.com/life-style/health-fitness/carnivore-diet-actually-beneficial-or-just-another-social-media-obsession/articleshow/118390972.cms,https://static.toiimg.com/photo/83033472.cms,"UK Hindus protest Islamophobia panel, say tackle all hatred"
"Tesla’s entry into India: Car prices, showroom locations, and key insights into Elon Musk’s EV revolution",https://timesofindia.indiatimes.com/auto/cars/teslas-entry-into-india-car-prices-showroom-locations-and-key-insights-into-elon-musks-ev-revolution/articleshow/118392206.cms,https://static.toiimg.com/photo/83033472.cms,Edition
Today's ePaper,"https://epaper.indiatimes.com/timesepaper/publication-the-times-of-india,city-delhi.cms?redirectionSource=TOIWeb",,US
SUBSCRIBE,https://buy.indiatimes.com/TOI/plans,,Sign In
,"https://epaper.indiatimes.com/timesepaper/publication-the-times-of-india,city-delhi.cms?redirectionSource=TOIWeb","https://static.toiimg.com/thumb/imgsize-2212786,msid-118371119,width-600,resizemode-4,quality-80/118371119.jpg",Sign In
TOI+,/toi-plus,,
Exclusive Stories,https://timesofindia.indiatimes.com/toi-plus,,
Why India doesn't need ultra-pricey F-35s & what it should get instead,https://timesofindia.indiatimes.com/toi-plus/defence-security/dont-be-f-35ed/articleshow/118393433.cms,,
"Champions Trophy: 50-over cricket’s midlife crisis, with India twist",https://timesofindia.indiatimes.com/toi-plus/sports/50-over-crickets-midlife-crisis-with-india-twist/articleshow/118393614.cms,,In the News
"If 300-ft asteroid hits earth in 2032, Mumbai and Kolkata at high risk",https://timesofindia.indiatimes.com/toi-plus/international/if-asteroid-strikes-earth-in-2032-mumbai-kolkata-among-cities-most-at-risk/articleshow/118386159.cms,,
Elon Musk's 'big warning': America will go bankrupt if…,https://timesofindia.indiatimes.com/technology/tech-news/elon-musks-big-warning-america-will-go-bankrupt-if/articleshow/118395254.cms,,Elon Musk's 'big warning': America will go bankrupt if…
"​From Amber Heard, Grimes to Ashley St. Clair: Elon Musk's affairs and romantic link-ups",https://timesofindia.indiatimes.com/life-style/relationships/love-sex/from-amber-heard-grimes-to-ashley-st-clair-elon-musks-affairs-and-romantic-link-ups/articleshow/118390436.cms,,"​From Amber Heard, Grimes to Ashley St. Clair: Elon Musk's affairs and romantic link-ups"
Logitech G PRO X SUPERLIGHT 2 DEX review: When light meets might,https://timesofindia.indiatimes.com/technology/reviews/logitech-g-pro-x-superlight-2-dex-review-when-light-meets-might/articleshow/118394215.cms,,Logitech G PRO X SUPERLIGHT 2 DEX review: When light meets might
"Apple launches newest and most affordable member of iPhone 16 series, iPhone 16e: Price, specifications, availability and more",https://timesofindia.indiatimes.com/technology/mobiles-tabs/apple-launches-newest-and-most-affordable-member-of-iphone-16-series-iphone-16e-price-specifications-availability-and-more/articleshow/118394030.cms,,"Apple launches newest and most affordable member of iPhone 16 series, iPhone 16e: Price, specifications, availability and more"
6 warning signs of magnesium deficiency you shouldn't ignore,https://timesofindia.indiatimes.com/life-style/health-fitness/health-news/magnesium-deficiency-6-warning-signs-you-shouldnt-ignore/articleshow/118392297.cms,,6 warning signs of magnesium deficiency you shouldn't ignore
"Toyota Innova EV Concept unveiled at Indonesia International Motor Show 2025: Check battery specifications, exterior, interior, and more details",https://timesofindia.indiatimes.com/auto/cars/toyota-innova-ev-concept-unveiled-at-indonesia-international-motor-show-2025-check-battery-specifications-exterior-interior-and-more-details/articleshow/118387216.cms,,"Toyota Innova EV Concept unveiled at Indonesia International Motor Show 2025: Check battery specifications, exterior, interior, and more details"
Nahid Rana: The Bangladesh Express,https://timesofindia.indiatimes.com/sports/cricket/icc-champions-trophy-2025/nahid-rana-the-bangladesh-express/articleshow/118389843.cms,,Nahid Rana: The Bangladesh Express
Best Crossbow Enchantments in Minecraft,https://timesofindia.indiatimes.com/sports/esports/minecraft/best-crossbow-enchantments-in-minecraft/articleshow/118392874.cms,,Best Crossbow Enchantments in Minecraft
5 Best Sidearms to Use in Call of Duty Black Ops 6,https://timesofindia.indiatimes.com/sports/esports/call-of-duty/5-best-sidearms-to-use-in-call-of-duty-black-ops-6/articleshow/118392565.cms,,5 Best Sidearms to Use in Call of Duty Black Ops 6
"At Maha Kumbh, Naga Sadhus lead ‘Undekha Eye Test’ to raise awareness of vision and diabetes",https://timesofindia.indiatimes.com/speaking-tree/daily-ecstasy/at-maha-kumbh-naga-sadhus-lead-undekha-eye-test-to-raise-awareness-of-vision-and-diabetes/articleshow/118392553.cms,,"At Maha Kumbh, Naga Sadhus lead ‘Undekha Eye Test’ to raise awareness of vision and diabetes"
Rich Dana,https://timesofindia.indiatimes.com/sports/mma/news/500-million-rich-dana-white-reveals-his-heartfelt-connection-to-maine-after-buying-his-childhood-street-thats-why-i-invested-so-much/articleshow/118348166.cms,,Trending News
Rekha Gupta,https://timesofindia.indiatimes.com/india/bjp-names-rekha-gupta-delhi-chief-minister-oath-ceremony-set-for-thursday-at-ramlila-maidan/articleshow/118383493.cms,,
BJP Delhi CM,https://timesofindia.indiatimes.com/india/celebrations-erupt-outside-rekha-guptas-residence-as-bjp-names-her-delhis-next-cm/articleshow/118392292.cms,,
Who is Rekha Gupta,https://timesofindia.indiatimes.com/india/who-is-rekha-gupta-delhis-next-chief-minister/articleshow/118391683.cms,,Entertainment
Ranveer Allahbadia,https://timesofindia.indiatimes.com/sports/wwe/top-stories/ranveer-allahbadia-breaks-silence-on-controversy-apologizes-fiercely-after-ex-wwe-star-threatens-him/articleshow/118303725.cms,,Salman's leaked video sparks rumours about H'wood debut
IND vs PAK Head to Head,https://timesofindia.indiatimes.com/sports/cricket/india-vs-pakistan-head-to-head-upcoming-match-schedule-and-results/108258195,,Celebs arrive for Aadar-Alekha's grand mehendi ceremony
Champions Trophy Schedule 2025,https://timesofindia.indiatimes.com/sports/cricket/icc-champions-trophy/schedule-fixtures,,Salman Khan's MPK jacket was inspired by Tom Cruise
Saqlain Mushtaq,https://timesofindia.indiatimes.com/sports/cricket/icc-champions-trophy-2025/india-ko-sabak-sikhana-chahiye-says-former-pakistan-spinner-saqlain-mushtaq/articleshow/118379786.cms,,Mollywood turmoil deepens as producers' rift escalates
Taylor Swift,https://timesofindia.indiatimes.com/sports/nfl/news/taylor-swift-has-fresh-evidence-against-her-in-blake-lively-and-justin-baldoni-drama-that-is-raising-new-questions/articleshow/118366416.cms,,Loveyapa writer reacts to film's box office debacle
PAK vs NZ,https://timesofindia.indiatimes.com/sports/cricket/pak-vs-nz-live-score-champions-trophy-2025-pakistan-vs-new-zealand-live-match-streaming-updates-karachi/liveblog/118380561.cms,,Kirti on Himesh Reshammiya's strict dialogue policy
,https://timesofindia.indiatimes.com/forceforgood?utm_source=TOI&utm_medium=SpotlightSlug_US&utm_campaign=AForceForGood,https://static.toiimg.com/photo/83033472.cms,6 benefits of drinking Okra water with lemon every morning
,https://timesofindia.indiatimes.com/business/financial-literacy?utm_source=TOI&utm_medium=Co-Marekting&utm_campaign=FLD,https://static.toiimg.com/photo/83033472.cms,Boomslang vs King Cobra: Know the key differences
Entertainment,https://timesofindia.indiatimes.com/etimes,,Dosa vendor refuses to give free dosas to Archana Puran Singh
Soha reveals Sharmila was against her marrying an actor,https://timesofindia.indiatimes.com/entertainment/hindi/bollywood/news/soha-ali-khan-reveals-sharmila-tagore-was-against-her-marrying-an-actor-actors-have-big-egos-and-mood-swings/articleshow/118395543.cms,https://static.toiimg.com/photo/83033472.cms,Excl: STI4 pitcher Isha battled health issues to launch her product
When Big B refused to step out of his van during Ek Ajnabee,https://timesofindia.indiatimes.com/entertainment/hindi/bollywood/news/apoorva-lakhia-reveals-how-amitabh-bachchan-refused-to-step-out-of-his-van-after-arjun-rampal-kept-him-waiting-for-3-hours-on-ek-ajnabee-set-arjun-began-panicking-/articleshow/118395102.cms,https://static.toiimg.com/photo/83033472.cms,Dipika recalls living in PGs with her mother
Apoorva recalls getting angry with Abhishek at his house ,https://timesofindia.indiatimes.com/entertainment/hindi/bollywood/news/apoorva-lakhia-recalls-abhishek-bachchan-refusing-to-do-his-film-after-six-months-of-back-and-forth-snatched-my-script-from-his-hand-and-left-his-house/articleshow/118393464.cms,https://static.toiimg.com/photo/83033472.cms,KKK15: Tentative list of the contestants
"Swara-Chhaava, SSR-Suicide, Zahan-SRK: Top 5 news",https://timesofindia.indiatimes.com/entertainment/hindi/bollywood/news/swara-bhasker-questions-reaction-to-chhaava-vs-stampede-ahead-of-bombay-hc-hearing-sushants-father-denies-suicide-zahan-kapoor-on-difficult-shoot-with-srk-top-5-news-of-the-day/articleshow/118390853.cms,https://static.toiimg.com/photo/83033472.cms,"Ranveer's lawyer compares case to Nupur Sharma, netizens react"
Celebrity Masterchef: Dipika Kakar quits the cooking show?,https://timesofindia.indiatimes.com/tv/news/hindi/celebrity-masterchef-has-dipika-kakar-quit-the-cooking-show-due-to-her-injury/articleshow/118394797.cms,https://static.toiimg.com/photo/83033472.cms,Zahan Kapoor calls shooting with SRK 'difficult'
Salman's leaked video sparks rumours about H'wood debut,https://timesofindia.indiatimes.com/entertainment/hindi/bollywood/news/salman-khans-leaked-video-from-a-set-in-dubai-sparks-rumours-about-his-hollywood-debut/articleshow/118394563.cms,,Etimes Photos
Celebs arrive for Aadar-Alekha's grand mehendi ceremony,https://timesofindia.indiatimes.com/entertainment/hindi/bollywood/news/ranbir-kapoor-alia-bhatt-kareena-kapoor-khan-jaya-bachchan-tina-ambani-supriya-sule-and-the-kapoor-clan-arrive-for-aadar-jain-and-alekha-advanis-grand-mehendi-ceremony/articleshow/118393372.cms,,Reviews
Salman Khan's MPK jacket was inspired by Tom Cruise,https://timesofindia.indiatimes.com/entertainment/hindi/bollywood/news/sooraj-barjatya-shares-story-behind-salman-khans-popular-screen-name-prem-reveals-his-maine-pyaar-kiya-jacket-was-inspired-by-tom-cruise/articleshow/118392830.cms,,Critic Rating
Mollywood turmoil deepens as producers' rift escalates,https://timesofindia.indiatimes.com/entertainment/malayalam/movies/news/mollywood-turmoil-deepens-as-producers-rift-escalates-is-a-film-production-halt-imminent/articleshow/118367202.cms,,3.5
Loveyapa writer reacts to film's box office debacle,https://timesofindia.indiatimes.com/entertainment/hindi/bollywood/news/loveyapa-writer-sneha-desai-reacts-to-box-office-debacle-of-junaid-khan-and-khushi-kapoors-debut-release-hopes-for-ott-success/articleshow/118394287.cms,,Critic Rating
Kirti on Himesh Reshammiya's strict dialogue policy,https://timesofindia.indiatimes.com/entertainment/hindi/bollywood/news/kirti-kulhari-reveals-himesh-reshammiyas-strict-dialogue-policy-on-badass-ravikumar-take-it-or-leave-it/articleshow/118394643.cms,,3.5
6 benefits of drinking Okra water with lemon every morning,https://timesofindia.indiatimes.com/life-style/health-fitness/diet/6-benefits-of-drinking-okra-water-with-lemon-every-morning/articleshow/118357056.cms,,Critic Rating
Boomslang vs King Cobra: Know the key differences,https://timesofindia.indiatimes.com/etimes/trending/boomslang-vs-king-cobra-know-the-key-differences-on-the-basis-of-size-characteristics-population-and-more/articleshow/118310439.cms,,3.0
Dosa vendor refuses to give free dosas to Archana Puran Singh,https://timesofindia.indiatimes.com/tv/news/hindi/dosa-vendor-refuses-to-give-free-dosas-to-archana-puran-singh-and-family-jokingly-she-asks-is-a-selfie-with-me-worth-less-than-rs-100/articleshow/118366257.cms,,In focus
Excl: STI4 pitcher Isha battled health issues to launch her product,https://timesofindia.indiatimes.com/tv/news/hindi/exclusive-shark-tank-india-4s-23-yr-old-pitcher-isha-jhawar-on-how-she-battled-health-issues-to-launch-her-healthy-product-says-i-was-on-steroids-at-the-age-of-14/photostory/118394076.cms,,Videos
Dipika recalls living in PGs with her mother,https://timesofindia.indiatimes.com/tv/news/hindi/celebrity-masterchefs-dipika-kakar-recalls-living-in-pgs-with-her-mother-in-her-initial-days-in-mumbai/articleshow/118390828.cms,,
KKK15: Tentative list of the contestants,https://timesofindia.indiatimes.com/tv/news/hindi/khatron-ke-khiladi-from-avinash-mishra-gulki-joshi-to-elvish-yadav-tentative-list-of-the-contestants/photostory/118383328.cms,,India
"Ranveer's lawyer compares case to Nupur Sharma, netizens react",https://timesofindia.indiatimes.com/entertainment/hindi/bollywood/news/ranveer-allahabadias-lawyer-abhinav-chandrachud-drags-nupur-sharma-in-his-argument-netizens-react-all-his-channels-should-be-banned/articleshow/118356158.cms,,​Rekha Gupta: Journey from RSS to Delhi CM chair​
Zahan Kapoor calls shooting with SRK 'difficult',https://timesofindia.indiatimes.com/entertainment/hindi/bollywood/news/shashi-kapoors-grandson-zahan-kapoor-says-shooting-with-shah-rukh-khan-was-difficult-hes-older-now-body-unki-/articleshow/118387837.cms,,Why AAP's Atishi said Rekha Gupta's appointment as Delhi CM a matter of pride
Etimes Photos,https://photogallery.indiatimes.com/,,"UP CM Yogi congratulates Rekha Gupta on being named Delhi CM, but to miss swearing-in ceremony tomorrow"
10Dia Mirza's ethnic wear,https://photogallery.indiatimes.com/celebs/bollywood/dia-mirzas-ethnic-wear-is-a-captivating-display-of-timeless-elegance-and-grace/articleshow/114243360.cms,https://static.toiimg.com/photo/83033472.cms,Arvind Kejriwal's message for Delhi CM-designate Rekha Gupta: 'Hope she will fulfill all promises'
10Sonakshi-Zaheer's adorable pics,https://photogallery.indiatimes.com/celebs/bollywood/sonakshi-and-zaheer-dazzle-in-matching-red-outfits-perfectly-coordinating-their-festive-look/articleshow/113655480.cms,https://static.toiimg.com/photo/83033472.cms,'Thank top BJP leadership for showing faith': Rekha Gupta's first reaction after being named Delhi CM
10Amyra Dastur's golden glamour,https://photogallery.indiatimes.com/celebs/bollywood/amyra-dasturs-golden-off-shoulder-dress-is-a-fashion-polices-delight-see-pics/articleshow/113627162.cms,https://static.toiimg.com/photo/83033472.cms,From RSS to Delhi CM: Journey of Rekha Gupta
10Tamannaah's animal print outfit,https://photogallery.indiatimes.com/celebs/bollywood/tamannaah-bhatia-turns-heads-in-bold-animal-print-and-furry-ensemble-see-pics/articleshow/113484820.cms,https://static.toiimg.com/photo/83033472.cms,"Meet the company building content management system for top brands such as Lego, Burberry, Walmart, Alaska Airlines, and ASICS"
10Madhuri's white Patola saree,https://photogallery.indiatimes.com/celebs/bollywood/in-pics-madhuri-dixits-unmissable-elegance-shines-in-a-white-patola-saree/articleshow/113385665.cms,https://static.toiimg.com/photo/83033472.cms,'Our work must uphold grandeur of the building': Mohan Bhagwat as RSS inaugurates new office in Delhi
10Sanya redefines power dressing,https://photogallery.indiatimes.com/celebs/bollywood/sanya-malhotra-redefines-power-dressing-with-her-bold-and-chic-style/articleshow/113286980.cms,https://static.toiimg.com/photo/83033472.cms,Rekha Gupta to be Delhi CM: Frontrunners lose race again as BJP picks first-time MLA
11B-Town divas welcome Bappa in style,https://photogallery.indiatimes.com/celebs/bollywood/from-kareena-kapoor-to-ananya-panday-bollywood-divas-welcome-bappa-in-style/articleshow/113189471.cms,https://static.toiimg.com/photo/83033472.cms,TOI Videos
10Urmila Matondkar the timeless beauty,https://photogallery.indiatimes.com/celebs/bollywood/in-pics-urmila-matondkar-is-the-ultimate-fashion-diva-with-timeless-beauty/articleshow/113020243.cms,https://static.toiimg.com/photo/83033472.cms,
10Ananya Panday's style file,https://photogallery.indiatimes.com/celebs/bollywood/ananya-pandays-style-the-versatile-journey-down-fashions-many-roads/articleshow/112898574.cms,https://static.toiimg.com/photo/83033472.cms,City
Reviews,https://timesofindia.indiatimes.com/web-series/reviews,,4 of UP family get life for killing woman who objected to them flying pigeons
"ChhaavaChhaava’s excellence lies in its terrific climax. You just wish the film relied and trusted its solid story more than Rahman's music, which largely feels out of place.Critic Rating3.5",https://timesofindia.indiatimes.com/entertainment/hindi/movie-reviews/chhaava/movie-review/118225189.cms,,"17-year-old TN girl gang-raped by college students, 7 arrested"
"Dhoom DhaamDhoom Dhaam is a fast-paced rollercoaster of action, comedy, and mystery, powered by Yami Gautam Dhar and Pratik Gandhi’s electric chemistry.Critic Rating3.5",https://timesofindia.indiatimes.com/entertainment/hindi/movie-reviews/dhoom-dhaam/ottmoviereview/118240181.cms,,NDLS stampede: How safe are Delhi’s three other stations
"Captain America: Brave New WorldDespite its convoluted plot and occasional pacing issues, Brave New World delivers thrilling aerial battles and hand-to-hand combats, strong performances, and enough spectacle to entertain superheroCritic Rating3.0",https://timesofindia.indiatimes.com/entertainment/english/movie-reviews/captain-america-brave-new-world/movie-review/118234432.cms,,"Devendra Fadnavis govt readies state budget, looks to offset populism with cost cuts"
Eknath Shinde,https://timesofindia.indiatimes.com/entertainment/hindi/bollywood/news/deputy-chief-minister-eknath-shinde-to-honour-team-chhaava-at-a-special-screening-on-chhatrapati-shivaji-maharajs-395th-birth-anniversary/articleshow/118383976.cms,,"BJP sweeps Gujarat local body polls, Congress tally improves marginally"
Vatsal Sheth,https://timesofindia.indiatimes.com/entertainment/hindi/bollywood/news/vatsal-sheth-confirms-ishita-duttas-second-pregnancy-a-very-very-happy-surprise/articleshow/118382978.cms,,"6.5 lakh euros swindled: CBI busts cybercrime network targeting German nationals, one held from Delhi"
Rakesh Roshan,https://timesofindia.indiatimes.com/entertainment/hindi/bollywood/news/rakesh-roshan-says-even-directors-choreographers-need-a-vanity-van-now-those-who-stay-on-the-set-for-24-hours-/articleshow/118383203.cms,,No leniency to convict for ‘digital rape’ of 2-year-old: Delhi court
Priyanka Chopra,https://timesofindia.indiatimes.com/entertainment/hindi/bollywood/news/priyanka-chopra-carries-a-sleeping-malti-marie-at-mumbai-airport-after-return-from-hyderabad-pics/articleshow/118371815.cms,,3 trains in 45 mins and a rush: RPF officers prevent potential tragedy as overcrowding grips Ghaziabad railway station
Kevin Spacey,https://timesofindia.indiatimes.com/entertainment/english/hollywood/news/kevin-spacey-slams-guy-pearce-over-claims-that-he-was-targeted-says-you-are-not-a-victim-watch/articleshow/118371232.cms,,Class II student sexually assaulted by safai worker at west Delhi school
Sagarika Ghatge,https://timesofindia.indiatimes.com/entertainment/hindi/bollywood/news/sagarika-ghatge-recalls-first-meeting-with-zaheer-khan-reveals-angad-bedi-played-cupid-he-wouldnt-even-talk-to-me-at-first/articleshow/118368067.cms,,
Vijay Deverakonda,https://timesofindia.indiatimes.com/entertainment/telugu/movies/news/vijay-deverakonda-meets-allu-arjuns-wife-sneha-reddy-at-mahakumbh-2025-in-prayagraj/articleshow/118372776.cms,,Sports
Keerthy Suresh,https://timesofindia.indiatimes.com/entertainment/malayalam/web-stories/keerthy-sureshs-bridal-glow/photostory/118299506.cms,,"'When I was playing, I made sure ... ': MS Dhoni"
Videos,https://timesofindia.indiatimes.com/videos,,"Gill very classy player, his numbers are crazy: Rohit "
"03:11Supreme Court Hits Ranveer For ‘Perverted’ Remarks; Passport Seized, Travel Blocked - Calls Out His ‘Dirty Mind’",https://timesofindia.indiatimes.com/videos/etimes/bollywood/supreme-court-hits-ranveer-for-perverted-remarks-passport-seized-travel-blocked-calls-out-his-dirty-mind/videoshow/118354565.cms,https://static.toiimg.com/photo/83033472.cms,'You have to be at your best from game one': Virat Kohli on CT
"03:11Supreme Court Hits Ranveer For ‘Perverted’ Remarks; Passport Seized, Travel Blocked - Calls Out His ‘Dirty Mind’",https://timesofindia.indiatimes.com/videos/etimes/bollywood/supreme-court-hits-ranveer-for-perverted-remarks-passport-seized-travel-blocked-calls-out-his-dirty-mind/videoshow/118354565.cms,https://static.toiimg.com/photo/83033472.cms,"Picked only two spinners, rest are all-rounders: Rohit"
03:08Heartbreaking Goodbye: Kim Sae-Ron’s Emotional Funeral Leaves K-Stars in Tears,https://timesofindia.indiatimes.com/videos/entertainment/regional/others/heartbreaking-goodbye-kim-sae-rons-emotional-funeral-leaves-k-stars-in-tears/videoshow/118381722.cms,https://static.toiimg.com/photo/83033472.cms,"Lanning, Sutherland guide DC to seven-wicket win over UP "
03:10Legendary Drummer Rick Buckler of 'The Jam' Passes Away; Bandmates and Fans Pay Heartfelt Tribute,https://timesofindia.indiatimes.com/videos/entertainment/english/legendary-drummer-rick-buckler-of-the-jam-passes-away-bandmates-and-fans-pay-heartfelt-tribute/videoshow/118375675.cms,https://static.toiimg.com/photo/83033472.cms,Journo Taylor
"03:22Ranveer Allahbadia Mysteriously Disappears Amid ‘IGL’ Controversy – Phone Dead, Police Investigation Stalled",https://timesofindia.indiatimes.com/videos/etimes/bollywood/ranveer-allahbadia-mysteriously-disappears-amid-igl-controversy-phone-dead-police-investigation-stalled/videoshow/118349828.cms,https://static.toiimg.com/photo/83033472.cms,Patrick Mahomes
"03:07Rihanna Breaks Down In Tears, Embraces A$AP Rocky After Emotional Courtroom Victory",https://timesofindia.indiatimes.com/videos/entertainment/english/rihanna-breaks-down-in-tears-embraces-aap-rocky-after-emotional-courtroom-victory/videoshow/118375766.cms,https://static.toiimg.com/photo/83033472.cms,Simone Biles
03:04‘Is That PM Modi?’ Fans Go Wild Over ‘Captain America: Brave New World’; Director Responds | Watch,https://timesofindia.indiatimes.com/videos/entertainment/english/is-that-pm-modi-fans-go-wild-over-captain-america-brave-new-world-director-responds-watch/videoshow/118338876.cms,https://static.toiimg.com/photo/83033472.cms,Kevin Durant
India,https://timesofindia.indiatimes.com/india,,Hailee Steinfeld
India’s Gen Z weighs in on the Beaches vs Mountains debate — and it’s still close!,https://timesofindia.indiatimes.com/india/indias-gen-z-weighs-in-on-the-beaches-vs-mountains-debate-and-its-still-close/articleshow/118395678.cms,https://static.toiimg.com/photo/83033472.cms,
​Rekha Gupta: Journey from RSS to Delhi CM chair​,https://timesofindia.indiatimes.com/india/rekha-gupta-journey-from-rss-to-delhi-cm-chair/photostory/118393883.cms,,Trending
Why AAP's Atishi said Rekha Gupta's appointment as Delhi CM a matter of pride,https://timesofindia.indiatimes.com/india/why-aaps-atishi-said-rekha-guptas-appointment-as-delhi-cm-a-matter-of-pride/articleshow/118393115.cms,,
"UP CM Yogi congratulates Rekha Gupta on being named Delhi CM, but to miss swearing-in ceremony tomorrow",https://timesofindia.indiatimes.com/india/up-cm-yogi-congratulates-rekha-gupta-on-being-named-delhi-cm-but-to-miss-swearing-in-ceremony-tomorrow/articleshow/118392734.cms,,Visual Stories
Arvind Kejriwal's message for Delhi CM-designate Rekha Gupta: 'Hope she will fulfill all promises',https://timesofindia.indiatimes.com/india/arvind-kejriwals-message-for-delhi-cm-designate-rekha-gupta-hope-she-will-fulfill-all-promises/articleshow/118392852.cms,,
'Thank top BJP leadership for showing faith': Rekha Gupta's first reaction after being named Delhi CM,https://timesofindia.indiatimes.com/india/thank-top-bjp-leadership-for-showing-faith-rekha-guptas-first-reaction-after-being-named-delhi-cm/articleshow/118392762.cms,,Astrology
From RSS to Delhi CM: Journey of Rekha Gupta,https://timesofindia.indiatimes.com/india/from-rss-to-delhi-cm-journey-of-rekha-gupta/articleshow/118395100.cms,,6 Benefits of Keeping Kamdhenu Cow Statue at home
"Meet the company building content management system for top brands such as Lego, Burberry, Walmart, Alaska Airlines, and ASICS",https://timesofindia.indiatimes.com/india/meet-the-company-building-content-management-system-for-top-brands-such-as-lego-burberry-walmart-alaska-airlines-and-asics/articleshow/118394484.cms,,"Horoscope Tomorrow, February 20, 2025: Your zodiac insights await"
'Our work must uphold grandeur of the building': Mohan Bhagwat as RSS inaugurates new office in Delhi,https://timesofindia.indiatimes.com/india/our-work-must-uphold-grandeur-of-the-building-mohan-bhagwat-as-rss-inaugurates-new-rss-office-in-delhi/articleshow/118394522.cms,,"Daily Muhurat Update (February 19, 2025): Tithi, Festivals, Auspicious Yogas, Rahu Kaal for Los Angeles"
Rekha Gupta to be Delhi CM: Frontrunners lose race again as BJP picks first-time MLA,https://timesofindia.indiatimes.com/india/rekha-gupta-is-delhi-cm-bjp-surprises-again-picks-first-time-mla-over-heavyweights/articleshow/118393944.cms,,"Daily Muhurat Update (February 19, 2025): Tithi, Festivals, Auspicious Yogas, Rahu Kaal for New York City"
Celebrations erupt outside Rekha Gupta’s residence as BJP names her Delhi CM,https://timesofindia.indiatimes.com/india/celebrations-erupt-outside-rekha-guptas-residence-as-bjp-names-her-delhis-next-cm/articleshow/118392292.cms,https://static.toiimg.com/photo/83033472.cms,"Love & Dating Horoscope for February 19, 2025"
"With Rekha Gupta, Delhi gets its fourth woman chief minister",https://timesofindia.indiatimes.com/india/with-rekha-gupta-delhi-gets-its-fourth-woman-chief-minister/articleshow/118392231.cms,https://static.toiimg.com/photo/83033472.cms,Zodiac signs who are likely to get a promotion in 2025
Who is Rekha Gupta? Delhi's next chief minister,https://timesofindia.indiatimes.com/india/who-is-rekha-gupta-delhis-next-chief-minister/articleshow/118391683.cms,https://static.toiimg.com/photo/83033472.cms,Vastu Tips to attract peace at home
"BJP names Rekha Gupta Delhi chief minister, oath ceremony set for Thursday at Ramlila Maidan",https://timesofindia.indiatimes.com/india/bjp-names-rekha-gupta-delhi-chief-minister-oath-ceremony-set-for-thursday-at-ramlila-maidan/articleshow/118383493.cms,https://static.toiimg.com/photo/83033472.cms,Zodiac Signs who are fond of the limelight
TOI Videos,https://timesofindia.indiatimes.com/videos,,Planet Parade 2025: Last Chance to Witness Seven Planet Alignment until 2040
04:32'Typhoons To Storm Ukraine Skies': Britain To Replace Troops With Jets As Russia Threatens NATO,https://timesofindia.indiatimes.com/videos/international/typhoons-to-storm-ukraine-skies-britain-to-replace-troops-with-jets-as-russia-threatens-nato/videoshow/118392636.cms,https://static.toiimg.com/photo/83033472.cms,
04:32'Typhoons To Storm Ukraine Skies': Britain To Replace Troops With Jets As Russia Threatens NATO,https://timesofindia.indiatimes.com/videos/international/typhoons-to-storm-ukraine-skies-britain-to-replace-troops-with-jets-as-russia-threatens-nato/videoshow/118392636.cms,https://static.toiimg.com/photo/83033472.cms,US News
"06:21'You Have Succumbed To Putin...': Trump's Words Sting Zelensky, Angry Ukraine Leader Hits Back",https://timesofindia.indiatimes.com/videos/international/you-have-succumbed-to-putin-trumps-words-sting-zelensky-angry-ukraine-leader-hits-back/videoshow/118392412.cms,https://static.toiimg.com/photo/83033472.cms,Kamala Harris signs with Hollywood agency that works with Biden. Here's what it does
03:42Erdogan’s Big Move To Make Turkey Terror Free; '282 Arrested From 51 Provinces' | Details,https://timesofindia.indiatimes.com/videos/international/erdogans-big-move-to-make-turkey-terror-free-282-arrested-from-51-provinces-details/videoshow/118384320.cms,https://static.toiimg.com/photo/83033472.cms,Delta plane crash-landing at Toronto airport: Viral posts claim all pilots were female. What is the truth?
03:38Pro-Palestine Group 'Exposes' Israeli Soldiers in Europe; IDF Issues Advisory | Netanyahu Embarrassed,https://timesofindia.indiatimes.com/videos/international/pro-palestine-group-exposes-israeli-soldiers-in-europe-idf-issues-advisory-netanyahu-embarrassed/videoshow/118382211.cms,https://static.toiimg.com/photo/83033472.cms,"'You like Bobby, right': Did Donald Trump interrupt Elon Musk during joint interview?"
03:21Drake’s Sydney Penthouse Invaded By Spy Drone; Rapper’s Fiery Reaction With Yeezy Slides,https://timesofindia.indiatimes.com/videos/entertainment/english/drakes-sydney-penthouse-invaded-by-spy-drone-rappers-fiery-reaction-with-yeezy-slides/videoshow/118386269.cms,https://static.toiimg.com/photo/83033472.cms,Why Trump's bullying is going to backfire
03:10‘Why Are We Paying?’: Trump Defends DOGE’s Scrapping Of India Voter Turnout 'Fraud' Fund,https://timesofindia.indiatimes.com/videos/international/why-are-we-paying-trump-defends-doges-scrapping-of-india-voter-turnout-fraud-fund/videoshow/118382396.cms,https://static.toiimg.com/photo/83033472.cms,"What is DOGE dividend? Will all Americans get a refund check of $5,000 from Elon Musk?"
City,https://timesofindia.indiatimes.com/city,,"Columbine survivor Anne Marie Hochhalter, who forgave gunman's mother, dies at 43"
,javascript: void(0),,"Trump purge: Thousands of federal workers fired, programs frozen, and grants halted"
British tourist dies while trekking near Dharamshala,https://timesofindia.indiatimes.com/city/chandigarh/uk-tourist-injured-while-trekking-in-dhauladhars-dies/articleshow/118367128.cms,https://static.toiimg.com/photo/83033472.cms,'Dictator without elections': Donald Trump ups attack on Ukraine's Zelenskyy
4 of UP family get life for killing woman who objected to them flying pigeons,https://timesofindia.indiatimes.com/city/agra/4-of-family-get-life-for-killingwoman-over-pigeons-flight/articleshow/118361695.cms,,Trump asks $21m question on top of familiar tantrum on India's tariff
"17-year-old TN girl gang-raped by college students, 7 arrested",https://timesofindia.indiatimes.com/city/coimbatore/girl-gang-raped-by-college-students-in-coimbatore-seven-arrested/articleshow/118359712.cms,,
NDLS stampede: How safe are Delhi’s three other stations,https://timesofindia.indiatimes.com/city/delhi/how-safe-are-delhis-three-other-stations/articleshow/118365246.cms,,Business
"Devendra Fadnavis govt readies state budget, looks to offset populism with cost cuts",https://timesofindia.indiatimes.com/city/mumbai/govt-readies-budget-looks-to-offset-populism-with-cost-cuts/articleshow/118366098.cms,,What is LIC Smart Pension Plan? Top 10 FAQs answered on new retirement planning scheme
"BJP sweeps Gujarat local body polls, Congress tally improves marginally",https://timesofindia.indiatimes.com/city/ahmedabad/bjp-sweeps-gujarat-local-body-polls-congress-tally-improves-marginally/articleshow/118374534.cms,,PM Modi US visit: 1+1 = 11 - US and India teaming to create a MEGA partnership
"6.5 lakh euros swindled: CBI busts cybercrime network targeting German nationals, one held from Delhi",https://timesofindia.indiatimes.com/city/delhi/6-5-lakh-euros-swindled-cbi-busts-cybercrime-network-targeting-german-nationals-one-held/articleshow/118365558.cms,,"New Income Tax Bill 2025: For common man, better understanding of law and smoother tax compliances expected"
No leniency to convict for ‘digital rape’ of 2-year-old: Delhi court,https://timesofindia.indiatimes.com/city/delhi/no-leniency-to-convict-for-digital-rape-of-2-yr-old-girl-delhi-court/articleshow/118361376.cms,,Infosys average bonus drops to 80% for Q3 ahead of annual salary hikes
3 trains in 45 mins and a rush: RPF officers prevent potential tragedy as overcrowding grips Ghaziabad railway station,https://timesofindia.indiatimes.com/city/noida/3-trains-in-45-mins-a-rush-how-crowd-and-panic-spread-in-ghaziabad-rail-station/articleshow/118366922.cms,,"Stock market today: BSE Sensex ends marginally lower; Nifty50 below 22,950"
Class II student sexually assaulted by safai worker at west Delhi school,https://timesofindia.indiatimes.com/city/delhi/class-ii-student-sexually-assaulted-by-safai-worker-at-west-delhi-school/articleshow/118375208.cms,,Govt to launch e-licences for pilots; India to be second country to do so for flight crew
Sports,https://timesofindia.indiatimes.com/sports,,Tesla India entry: Why Donald Trump has said it would be ‘very unfair’ for Elon Musk’s Tesla to set up a factory in India
Dominant NZ crush Pakistan in Champions Trophy opener,https://timesofindia.indiatimes.com/sports/cricket/icc-champions-trophy-2025/dominant-new-zealand-crush-pakistan-by-60-runs-in-champions-trophy-opener/articleshow/118395263.cms,https://static.toiimg.com/photo/83033472.cms,Boost for ‘Make in India’! iPhone parts maker looks at supply chain shifts toward India
"'When I was playing, I made sure ... ': MS Dhoni",https://timesofindia.indiatimes.com/sports/cricket/news/when-i-was-playing-i-made-sure-ms-dhoni/articleshow/118395662.cms,,'More of white noise': Why Trump’s reciprocal tariffs on India’s exports to US will have a ‘limited’ impact
"Gill very classy player, his numbers are crazy: Rohit ",https://timesofindia.indiatimes.com/sports/cricket/icc-champions-trophy-2025/shubman-gill-very-classy-player-his-numbers-are-crazy-rohit-sharma/articleshow/118393001.cms,,Axis Bank
'You have to be at your best from game one': Virat Kohli on CT,https://timesofindia.indiatimes.com/sports/cricket/icc-champions-trophy-2025/you-have-to-be-at-your-best-from-game-one-virat-kohli-on-champions-trophy/articleshow/118389923.cms,,Provident Fund
"Picked only two spinners, rest are all-rounders: Rohit",https://timesofindia.indiatimes.com/sports/cricket/icc-champions-trophy-2025/picked-only-two-spinners-rest-are-all-rounders-says-rohit-sharma-on-indias-squad-for-champions-trophy/articleshow/118391592.cms,,Income Tax Slabs
"Lanning, Sutherland guide DC to seven-wicket win over UP ",https://timesofindia.indiatimes.com/sports/cricket/wpl/lanning-sutherland-guide-delhi-capitals-to-seven-wicket-win-over-up-warriorz-in-wpl/articleshow/118395286.cms,,GST
"04:02Mohammad Amir Exclusive: Champions Trophy hopes, India's absence & retirement talk",https://timesofindia.indiatimes.com/videos/sports/cricket/mohammad-amir-exclusive-champions-trophy-hopes-indias-absence-retirement-talk/videoshow/118364891.cms,https://static.toiimg.com/photo/83033472.cms,Fixed Deposit rates
01:03Behind the scenes of ISPL 2025 final as Majhi Mumbai crowned champion!,https://timesofindia.indiatimes.com/videos/sports/cricket/behind-the-scenes-of-ispl-2025-final-as-majhi-mumbai-crowned-champion/videoshow/118357450.cms,https://static.toiimg.com/photo/83033472.cms,
"India's spin puzzle: Why Axar, Jadeja are irreplaceable in Champions Trophy plans",https://timesofindia.indiatimes.com/sports/cricket/icc-champions-trophy-2025/indias-spin-puzzle-why-axar-jadeja-are-irreplaceable-in-champions-trophy-plans/articleshow/118394436.cms,https://static.toiimg.com/photo/83033472.cms,Recipes
Dubai pitch curator shares what India can expect in Champions Trophy,https://timesofindia.indiatimes.com/sports/cricket/icc-champions-trophy-2025/dubai-pitch-curator-shares-what-india-can-expect-in-champions-trophy/articleshow/118393288.cms,https://static.toiimg.com/photo/83033472.cms,
Gill dethrones Babar to claim No. 1 spot in ICC ODI rankings,https://timesofindia.indiatimes.com/sports/cricket/icc-champions-trophy-2025/shubman-gill-dethrones-babar-azam-to-claim-no-1-spot-in-icc-odi-rankings/articleshow/118383377.cms,https://static.toiimg.com/photo/83033472.cms,Lifestyle
'India ko sabak sikhana chahiye': Says ex-Pak spinner Saqlain,https://timesofindia.indiatimes.com/sports/cricket/icc-champions-trophy-2025/india-ko-sabak-sikhana-chahiye-says-former-pakistan-spinner-saqlain-mushtaq/articleshow/118379786.cms,https://static.toiimg.com/photo/83033472.cms,Style
"Bangladesh can beat anyone at Champions Trophy, says Shanto",https://timesofindia.indiatimes.com/sports/cricket/icc-champions-trophy-2025/bangladesh-can-beat-anyone-at-champions-trophy-says-skipper-najmul-hossain-shanto/articleshow/118387600.cms,https://static.toiimg.com/photo/83033472.cms,Karisma-Kareena steal the show at Aadar Jain's Mehendi
"Champions Trophy looks to enthral fans, add more relevance to ODIs",https://timesofindia.indiatimes.com/sports/cricket/icc-champions-trophy-2025/champions-trophy-looks-to-enthral-fans-add-more-relevance-to-odi-cricket/articleshow/118372266.cms,https://static.toiimg.com/photo/83033472.cms,Bollywood choli designs that are perfect for weddings
Australia's CT quest: Can they overcome key absences?,https://timesofindia.indiatimes.com/sports/cricket/icc-champions-trophy-2025/australias-champions-trophy-quest-can-they-overcome-key-absences/articleshow/118378512.cms,https://static.toiimg.com/photo/83033472.cms,Health & Fitness
Champions Trophy: Take a look at jerseys of 8 teams,https://timesofindia.indiatimes.com/sports/cricket/icc-champions-trophy-2025/champions-trophy-take-a-look-at-the-team-jerseys/articleshow/118371146.cms,https://static.toiimg.com/photo/83033472.cms,Can depression speed up aging? Scientists warn of a 30% higher health risk
Journo Taylor,https://timesofindia.indiatimes.com/sports/nba/top-stories/sports-journo-taylor-rooks-impesses-nba-all-star-fans-with-dreamy-game-day-look/articleshow/118367763.cms,,Chlorinated drinking water may raise risk of several kinds of cancer: Study
Patrick Mahomes,https://timesofindia.indiatimes.com/sports/nfl/news/patrick-mahomes-faces-another-heartbreaking-tragedy-after-super-bowl-2025-loss-adding-to-his-struggles/articleshow/118367690.cms,,Relationship
Simone Biles,https://timesofindia.indiatimes.com/sports/nfl/news/things-get-wild-literally-on-simone-biles-and-jonathan-owens-honeymoon-trip-to-south-africa/articleshow/118367610.cms,,Rihanna and A$AP Rocky’s fairytale love story
Kevin Durant,https://timesofindia.indiatimes.com/sports/nba/top-stories/stephen-a-smith-blasts-kevin-durants-fun-to-complain-comments-about-nba-all-star-games/articleshow/118367613.cms,,10 reasons why your boss doesn't value your opinion
Hailee Steinfeld,https://timesofindia.indiatimes.com/sports/nfl/news/hailee-steinfelds-thoughtful-gesture-toward-buffalo-bills-fans-has-everyone-talking-after-the-nfl-honors-ceremony/articleshow/118367491.cms,,Food
Trending,https://timesofindia.indiatimes.com/etimes/trending,,​3 effortless ways to set restaurant-style curd​
"Blood moon 2025: When, where, and how to watch the moon turning red during March's total lunar eclipse",https://timesofindia.indiatimes.com/etimes/trending/blood-moon-2025-when-where-and-how-to-watch-the-moon-turning-red-during-marchs-total-lunar-eclipse/articleshow/118395295.cms,https://static.toiimg.com/photo/83033472.cms,How to make Dhaba-style Champaran Chicken Handi at home
Man poisons his girlfriends' dog by mistake; know all about the shocking mix up,https://timesofindia.indiatimes.com/etimes/trending/man-poisons-his-girlfriends-dog-by-mistake-know-all-about-the-shocking-mix-up/articleshow/118394356.cms,https://static.toiimg.com/photo/83033472.cms,Beauty
The educational journey of Delhi's new CM Rekha Gupta and her lesser-known details,https://timesofindia.indiatimes.com/etimes/trending/the-educational-journey-of-delhis-new-cm-rekha-gupta-and-her-lesser-known-details/articleshow/118394269.cms,https://static.toiimg.com/photo/83033472.cms,Orange for hair growth: How to use Orange Juice for hair growth
Do fish have fashion sense? Wild fish can identify humans by outfit colours,https://timesofindia.indiatimes.com/etimes/trending/do-fish-have-fashion-sense-wild-fish-can-identify-humans-by-outfit-colours/articleshow/118394268.cms,https://static.toiimg.com/photo/83033472.cms,7 effective ways to get rid of strawberry legs
Venomous snake hiding in box of bananas shocks grocery worker; here's what happened next,https://timesofindia.indiatimes.com/etimes/trending/venomous-snake-hiding-in-box-of-bananas-shocks-grocery-worker-heres-what-happened-next/articleshow/118390368.cms,https://static.toiimg.com/photo/83033472.cms,Parenting
Could asteroid 2024 YR4 hit Indian cities? NASA raises alarm over potential impact zones,https://timesofindia.indiatimes.com/etimes/trending/could-asteroid-2024-yr4-hit-indian-cities-nasa-raises-alarm-over-potential-impact-zones/articleshow/118390940.cms,https://static.toiimg.com/photo/83033472.cms,“Anant has fought obesity throughout his life…” Nita Ambani’s emotional speech about son's struggle with health
Visual Stories,https://timesofindia.indiatimes.com/etimes/web-stories,,10 things parents should never do in the morning before sending kids to school
How to make South Indian Paneer Butter Masala Dosa for breakfastFood,https://recipes.timesofindia.com/web-stories/how-to-make-south-indian-paneer-butter-masala-dosa-for-breakfast/photostory/118374740.cms,https://static.toiimg.com/photo/87458172.cms,Books
​10 ancient animals that still existLifestyle,https://timesofindia.indiatimes.com/life-style/spotlight/web-stories/10-ancient-animals-that-still-exist-today/photostory/118323962.cms,https://static.toiimg.com/photo/87458172.cms,10 timeless lines from Mirza Ghalib's shayaris
10 exotic animals to spot inside Kashmir's Dachigam National ParkTravel,https://timesofindia.indiatimes.com/travel/web-stories/10-exotic-animals-to-spot-inside-kashmirs-dachigam-national-park/photostory/118348257.cms,https://static.toiimg.com/photo/87458172.cms,8 books that help magically improve relationships and love issues
10 powerful ways to detox and reset your mindLifestyle,https://timesofindia.indiatimes.com/life-style/relationships/web-stories/10-powerful-ways-to-detox-and-reset-your-mind/photostory/118346633.cms,https://static.toiimg.com/photo/87458172.cms,Videos
10 things parents should never do in the morning before sending kids to schoolLifestyle,https://timesofindia.indiatimes.com/life-style/parenting/web-stories/10-things-parents-should-never-do-in-the-morning-before-sending-kids-to-school/photostory/118364332.cms,https://static.toiimg.com/photo/87458172.cms,"Control Your Senses, Gain Knowledge, Attain Peace: Bhagavad Gita, Chapter 4.39"
10 health benefits of chewing cloves dailyLifestyle,https://timesofindia.indiatimes.com/life-style/health-fitness/web-stories/10-health-benefits-of-chewing-cloves-daily/photostory/118346644.cms,https://static.toiimg.com/photo/87458172.cms,Cultural Clashes in Love: How To Make Your Relationship Work
8 animal species that are found only in IndiaTravel,https://timesofindia.indiatimes.com/travel/web-stories/8-animal-species-that-are-found-only-in-india/photostory/118317483.cms,https://static.toiimg.com/photo/87458172.cms,More
10 birds that eat meat and other animalsLifestyle,https://timesofindia.indiatimes.com/life-style/spotlight/web-stories/10-birds-that-eat-meat-and-other-animals/photostory/118355606.cms,https://static.toiimg.com/photo/87458172.cms,8 reasons why the Peace Lily is a complete blessing for a home
Astrology,https://timesofindia.indiatimes.com/astrology,,6 most famous Monet paintings that take us into nature's beauty
6Zodiac Signs Who Are Curious About Gossip,https://timesofindia.indiatimes.com/astrology/web-stories/zodiac-signs-who-are-curious-about-gossip/photostory/118390602.cms,https://static.toiimg.com/photo/83033472.cms,Nita Ambani
6 Benefits of Keeping Kamdhenu Cow Statue at home,https://timesofindia.indiatimes.com/astrology/vastu-feng-shui/6-benefits-of-keeping-kamdhenu-cow-statue-at-home/articleshow/118376322.cms,,Anti Valentine Week 2025
"Horoscope Tomorrow, February 20, 2025: Your zodiac insights await",https://timesofindia.indiatimes.com/astrology/horoscope/horoscope-tomorrow-february-20-2025-your-zodiac-insights-await/articleshow/118355016.cms,,Deepak Gupta
"Daily Muhurat Update (February 19, 2025): Tithi, Festivals, Auspicious Yogas, Rahu Kaal for Los Angeles",https://timesofindia.indiatimes.com/astrology/panchang/daily-muhurat-update-february-19-2025-tithi-festivals-auspicious-yogas-rahu-kaal-for-los-angeles/articleshow/118365211.cms,,Mahashivratri 2025
"Daily Muhurat Update (February 19, 2025): Tithi, Festivals, Auspicious Yogas, Rahu Kaal for New York City",https://timesofindia.indiatimes.com/astrology/panchang/daily-muhurat-update-february-19-2025-tithi-festivals-auspicious-yogas-rahu-kaal-for-new-york-city/articleshow/118365193.cms,,Office Peacocking Signs
"Love & Dating Horoscope for February 19, 2025",https://timesofindia.indiatimes.com/astrology/horoscope/love-dating-horoscope-for-february-19-2025/articleshow/118361458.cms,,
Zodiac signs who are likely to get a promotion in 2025,https://timesofindia.indiatimes.com/astrology/zodiacs-astrology/zodiac-signs-who-are-likely-to-get-a-promotion-in-2025/articleshow/118367152.cms,,NRI
Vastu Tips to attract peace at home,https://timesofindia.indiatimes.com/astrology/vastu-feng-shui/vastu-tips-to-attract-peace-at-home/articleshow/118375919.cms,,'India belongs to England': UK man racially abuses Indian-origin woman on train; see video
Zodiac Signs who are fond of the limelight,https://timesofindia.indiatimes.com/astrology/zodiacs-astrology/zodiac-signs-who-are-fond-of-the-limelight/photostory/118384812.cms,,Indian-origin man sentenced for killing 2 teens in New York crash
Planet Parade 2025: Last Chance to Witness Seven Planet Alignment until 2040,https://timesofindia.indiatimes.com/astrology/planets-transits/planet-parade-2025-last-chance-to-witness-seven-planet-alignment-until-2040/articleshow/118383175.cms,,"Now, Australia cracks down on Indian students breaking rules on work"
These Zodiac Signs Can be a Social Media Influencer,https://timesofindia.indiatimes.com/astrology/web-stories/these-zodiac-signs-can-be-a-social-media-influencer/photostory/118375210.cms,https://static.toiimg.com/photo/83033472.cms,Elon Musk's DOGE member who wanted to 'normalize Indian hate' resigns after racist posts resurface
"Horoscope Today: Astrological Predictions for February 19, 2025",https://timesofindia.indiatimes.com/astrology/horoscope/horoscope-today-astrological-predictions-for-february-19-2025/articleshow/118364896.cms,https://static.toiimg.com/photo/83033472.cms,"'Saw one die, another drown': Indians deported from US recall ‘donkey’ route ordeal"
Spring clean your home the Vastu way: Refresh energy and enhance positivity,https://timesofindia.indiatimes.com/astrology/vastu-feng-shui/spring-clean-your-home-the-vastu-way-refresh-energy-and-enhance-positivity/articleshow/118367062.cms,https://static.toiimg.com/photo/83033472.cms,Singapore: Indian-origin opposition leader found guilty of giving false testimony
"Tarot Card Reading for All Zodiac Signs: Predictions for February 19, 2025",https://timesofindia.indiatimes.com/astrology/numerology-tarot/tarot-card-reading-for-all-zodiac-signs-predictions-for-february-19-2025/articleshow/118361419.cms,https://static.toiimg.com/photo/83033472.cms,Worried about your immigration status? Get advice from experts in US immigration laws
US News,https://timesofindia.indiatimes.com/world/us,,Sikh advocacy group in US working to ensure due legal process for asylum seekers from India
George Clooney's surprising message for Donald Trump: '...because our country needs it',https://timesofindia.indiatimes.com/world/us/george-clooneys-surprising-message-for-donald-trump-because-our-country-needs-it/articleshow/118394977.cms,https://static.toiimg.com/photo/83033472.cms,Sikh leader Sukhi Chahal congratulates Tulsi Gabbard on US Senate confirmation as director of national intelligence
Kamala Harris signs with Hollywood agency that works with Biden. Here's what it does,https://timesofindia.indiatimes.com/world/us/kamala-harris-signs-with-hollywood-agency-that-works-with-biden-heres-what-it-does/articleshow/118393793.cms,,
Delta plane crash-landing at Toronto airport: Viral posts claim all pilots were female. What is the truth?,https://timesofindia.indiatimes.com/world/us/delta-plane-crash-at-toronto-airport-viral-posts-claim-all-pilots-were-female-what-is-the-truth/articleshow/118392846.cms,,Tech
"'You like Bobby, right': Did Donald Trump interrupt Elon Musk during joint interview?",https://timesofindia.indiatimes.com/world/us/you-like-bobby-right-did-donald-trump-interrupt-elon-musk-during-joint-interview/articleshow/118391717.cms,,Garena Free Fire Max Codes
Why Trump's bullying is going to backfire,https://timesofindia.indiatimes.com/world/us/why-trumps-bullying-is-going-to-backfire/articleshow/118391132.cms,,Wordle Today
"What is DOGE dividend? Will all Americans get a refund check of $5,000 from Elon Musk?",https://timesofindia.indiatimes.com/world/us/what-is-doge-dividend-will-all-americans-get-a-refund-check-of-5000-from-elon-musk/articleshow/118389968.cms,,NYT Connections
"Columbine survivor Anne Marie Hochhalter, who forgave gunman's mother, dies at 43",https://timesofindia.indiatimes.com/world/us/columbine-survivor-anne-marie-hochhalter-who-forgave-gunmans-mother-dies-at-43/articleshow/118394541.cms,,NYT Strands
"Trump purge: Thousands of federal workers fired, programs frozen, and grants halted",https://timesofindia.indiatimes.com/world/us/trump-purge-thousands-of-federal-workers-fired-programs-frozen-and-grants-halted/articleshow/118392295.cms,,Mini Crossword
'Dictator without elections': Donald Trump ups attack on Ukraine's Zelenskyy,https://timesofindia.indiatimes.com/world/us/dictator-without-elections-donald-trump-ups-attack-on-ukraines-zelenskyy/articleshow/118394111.cms,,
Trump asks $21m question on top of familiar tantrum on India's tariff,https://timesofindia.indiatimes.com/world/us/trump-asks-21m-question-on-top-of-familiar-tantrum-on-indias-tariff/articleshow/118393970.cms,,
Business,https://timesofindia.indiatimes.com/business,,
"Smallcap stocks mark strong comeback after heavy losses, is it revival or bull trap?",https://timesofindia.indiatimes.com/business/india-business/smallcap-stocks-mark-strong-comeback-after-heavy-losses-is-it-revival-or-bull-trap/articleshow/118393194.cms,https://static.toiimg.com/photo/83033472.cms,
What is LIC Smart Pension Plan? Top 10 FAQs answered on new retirement planning scheme,https://timesofindia.indiatimes.com/business/india-business/what-is-lic-smart-pension-plan-top-10-faqs-answered-on-new-retirement-planning-scheme/articleshow/118379118.cms,,
PM Modi US visit: 1+1 = 11 - US and India teaming to create a MEGA partnership,https://timesofindia.indiatimes.com/business/india-business/pm-modi-us-visit-11-11-us-and-india-teaming-to-create-a-mega-partnership/articleshow/118378817.cms,,
"New Income Tax Bill 2025: For common man, better understanding of law and smoother tax compliances expected",https://timesofindia.indiatimes.com/business/india-business/new-income-tax-bill-2025-for-common-man-better-understanding-of-law-and-smoother-tax-compliances-expected/articleshow/118377911.cms,,
